Source File	Size	loadResources	load	generateSnapshots	load-configure	scan	loadDepInfo	loadInfo	checkR4R4B	generateNarratives	validate	loadLists	checkConformanceResources	checkConformanceResources2	checkConformanceResources3	generateLogicalMaps	validateExpressions	scanForUsageStats	checkURLsUnique	processProvenanceDetails	translate	generate1	generate2	generateLogicals	makeDependencies	generateExampleZip	generateValidationPack	scanProfilesForR5	scanExamplesForR5
/fsh-generated/resources/ImplementationGuide-ans.fhir.fr.teleexpertise-confluence.json	6626	-	0	0	0	0	0	0	13	75	0	0	0	0	1	0	0	0	0	0	10	139	235	0	1	0	2	0	0
fsh-generated/resources/CodeSystem-competence-code-system.json	6338	4	0	0	1	0	0	0	0	17	0	0	1	0	0	0	0	1	0	0	7	52	190	0	0	0	2	0	1
fsh-generated/resources/CodeSystem-type-carte-code-system.json	1026	2	0	0	0	0	0	0	1	4	0	0	0	0	0	0	0	0	0	0	3	133	59	0	0	0	0	0	0
fsh-generated/resources/Patient-frpatient-exemple.json	471	2	0	0	0	0	0	0	0	286	0	0	0	0	0	0	0	0	0	0	2	6	25	0	0	0	0	0	0
fsh-generated/resources/StructureDefinition-EyeColor.json	1365	2	0	9	0	0	0	0	0	62	0	0	1	0	0	0	0	0	0	0	1	61	535	0	0	0	2	0	0
fsh-generated/resources/StructureDefinition-fr-patient.json	2404	3	0	44	0	0	0	0	0	34	0	0	0	0	0	0	0	1	0	0	0	301	673	0	0	0	8	0	0
fsh-generated/resources/ValueSet-EyeColorVS.json	687	2	0	0	0	0	0	0	0	3092	0	0	0	0	0	0	0	0	0	0	2	12	5253	0	0	0	0	0	1
fsh-generated/resources/ValueSet-MeltingPotVS.json	935	2	0	0	0	0	0	0	0	7	0	0	0	0	0	0	0	0	0	0	2	127	221	0	0	0	1	0	0
fsh-generated/resources/ValueSet-ModifiedAdministrativeGender.json	664	1	0	0	0	0	0	0	1	4	0	0	0	0	1	0	0	0	0	0	2	10	49	0	0	0	0	0	0
fsh-generated/resources/ValueSet-TypeCarteVS.json	453	2	0	0	0	0	0	0	0	2	0	0	0	0	0	0	0	0	0	0	1	7	39	0	0	0	1	0	0
/fsh-generated/includes/menu.xml	2789	-	-	-	0	0	0	0	0	0	0	0	0	0	0	0	0	0	0	0	0	0	1	0	0	0	0	0	0
/fsh-generated/includes/fsh-link-references.md	453	-	-	-	0	0	0	0	0	0	0	0	0	0	0	0	0	0	0	0	0	0	0	0	0	0	0	0	0
/input/data/features.yml	164	-	-	-	0	0	0	0	0	0	0	0	0	0	0	0	0	0	0	0	0	0	1	0	0	0	0	0	0
/input/pagecontent/annexe-securite.md	900	-	-	-	0	0	0	0	0	0	0	0	0	0	0	0	0	0	0	0	0	0	0	0	0	0	0	0	0
/input/pagecontent/translationinfo.md	59	-	-	-	0	0	0	0	0	0	0	0	0	0	0	0	0	0	0	0	0	0	0	0	0	0	0	0	0
/input/pagecontent/spec-fonctionnelle-intro.md	82	-	-	-	0	0	0	0	0	0	0	0	0	0	0	0	0	0	0	0	0	0	0	0	0	0	0	0	0
/input/pagecontent/autres_ressources.md	155	-	-	-	0	0	0	0	0	0	0	0	0	0	0	0	0	0	0	0	0	0	0	0	0	0	0	0	0
/input/pagecontent/spec-technique-flux-alimentation.md	99	-	-	-	0	0	0	0	0	0	0	0	0	0	0	0	0	0	0	0	0	0	0	0	0	0	0	0	0
/input/pagecontent/spec-technique-intro.md	111	-	-	-	0	0	0	0	0	0	0	0	0	0	0	0	0	0	0	0	0	0	0	0	0	0	0	0	0
/input/pagecontent/spec-technique-flux-consommation.md	101	-	-	-	0	0	0	0	0	0	0	0	0	0	0	0	0	0	0	0	0	0	0	0	0	0	0	0	0
/input/pagecontent/spec-fonctionnelle-alimentation.md	61	-	-	-	0	0	0	0	0	0	0	0	0	0	0	0	0	0	0	0	0	0	1	0	0	0	0	0	0
/input/pagecontent/spec-technique-vue-ensemble.md	96	-	-	-	0	0	0	0	0	0	0	0	0	0	0	0	0	0	0	0	0	0	0	0	0	0	0	0	0
/input/pagecontent/annexe-downloads.md	1751	-	-	-	0	0	0	0	0	0	0	0	0	0	0	0	0	0	0	0	0	0	0	0	0	0	0	0	0
/input/pagecontent/change-log.md	330	-	-	-	0	0	0	0	0	0	0	0	0	0	0	0	0	0	0	0	0	0	0	0	0	0	0	0	0
/input/pagecontent/index.md	2186	-	-	-	0	0	0	0	0	0	0	0	0	0	0	0	0	0	0	0	0	0	0	0	0	0	0	0	0
/template/config	0	-	-	-	0	0	0	0	0	0	0	0	0	0	0	0	0	0	0	0	0	0	1	0	0	0	0	0	0
/template/config/_config.yml	140	-	-	-	0	0	0	0	0	0	0	0	0	0	0	0	0	0	0	0	0	0	0	0	0	0	0	0	0
/input/images	0	-	-	-	0	0	0	0	0	0	0	0	0	0	0	0	0	0	0	0	0	0	0	0	0	0	0	0	0
/input/images/anImage.png	36288	-	-	-	0	0	0	0	0	0	0	0	0	0	0	0	0	0	0	0	0	0	0	0	0	0	0	0	0
/input/images/ci-sis-logo.png	61365	-	-	-	0	0	0	0	0	0	0	0	0	0	0	0	0	0	0	0	0	0	0	0	0	0	0	0	0
/temp/pages/_includes/artifacts.xml	7166	-	-	-	-	-	-	-	-	-	-	-	-	-	-	-	-	-	-	-	-	-	1	0	0	0	0	0	0
