URL,Version,Status,OIDs,Name,Title,Description,Used
http://hl7.org/fhir/address-type,4.0.1,active,"2.16.840.1.113883.4.642.4.70",AddressType,AddressType,"The type of an address (physical / postal).","ValueSet/address-type"
http://hl7.org/fhir/address-use,4.0.1,active,"2.16.840.1.113883.4.642.4.68",AddressUse,AddressUse,"The use of an address.","ValueSet/address-use"
http://hl7.org/fhir/administrative-gender,4.0.1,active,"2.16.840.1.113883.4.642.4.2",AdministrativeGender,AdministrativeGender,"The gender of a person used for administrative purposes.","ValueSet/administrative-gender,ValueSet/fr-core-vs-patient-gender"
http://hl7.org/fhir/bundle-type,4.0.1,active,"2.16.840.1.113883.4.642.4.621",BundleType,BundleType,"Indicates the purpose of a bundle - how it is intended to be used.","ValueSet/bundle-type"
http://hl7.org/fhir/contact-point-system,4.0.1,active,"2.16.840.1.113883.4.642.4.72",ContactPointSystem,ContactPointSystem,"Telecommunications form for contact point.","ValueSet/contact-point-system"
http://hl7.org/fhir/contact-point-use,4.0.1,active,"2.16.840.1.113883.4.642.4.74",ContactPointUse,ContactPointUse,"Use of contact point.","ValueSet/contact-point-use"
http://hl7.org/fhir/days-of-week,4.0.1,active,"2.16.840.1.113883.4.642.4.513",DaysOfWeek,DaysOfWeek,"The days of the week.","ValueSet/days-of-week"
http://hl7.org/fhir/http-verb,4.0.1,active,"2.16.840.1.113883.4.642.4.625",HTTPVerb,HTTPVerb,"HTTP verbs (in the HTTP command line). See [HTTP rfc](https://tools.ietf.org/html/rfc7231) for details.","ValueSet/http-verb"
http://hl7.org/fhir/identifier-use,4.0.1,active,"2.16.840.1.113883.4.642.4.58",IdentifierUse,IdentifierUse,"Identifies the purpose for this identifier, if known .","ValueSet/identifier-use,ValueSet/fr-core-vs-patient-identifier-use-ins"
http://hl7.org/fhir/link-type,4.0.1,active,"2.16.840.1.113883.4.642.4.424",LinkType,LinkType,"The type of link between this patient resource and another patient resource.","ValueSet/link-type"
http://hl7.org/fhir/name-use,4.0.1,active,"2.16.840.1.113883.4.642.4.66",NameUse,NameUse,"The use of a human name.","ValueSet/name-use,ValueSet/NameUseUsualOrOfficial"
http://hl7.org/fhir/request-intent,4.0.1,draft,"2.16.840.1.113883.4.642.4.114",RequestIntent,RequestIntent,"Codes indicating the degree of authority/intentionality associated with a request.","ValueSet/request-intent"
http://hl7.org/fhir/request-priority,4.0.1,draft,"2.16.840.1.113883.4.642.4.116",RequestPriority,RequestPriority,"Identifies the level of importance to be assigned to actioning the request.","ValueSet/request-priority"
http://hl7.org/fhir/request-status,4.0.1,draft,"2.16.840.1.113883.4.642.4.112",RequestStatus,RequestStatus,"Codes identifying the lifecycle stage of a request.","ValueSet/request-status"
http://hl7.org/fhir/search-entry-mode,4.0.1,active,"2.16.840.1.113883.4.642.4.623",SearchEntryMode,SearchEntryMode,"Why an entry is in the result set - whether it's included as a match or because of an _include requirement, or to convey information or warning information about the search process.","ValueSet/search-entry-mode"
http://snomed.info/sct,null,active,"2.16.840.1.113883.6.96",SNOMED_CT,SNOMED CT (all versions),"SNOMED CT is the most comprehensive and precise clinical health terminology product in the world, owned and distributed around the world by The International Health Terminology Standards Development Organisation (IHTSDO).","ValueSet/servicerequest-category,ValueSet/c80-practice-codes,ValueSet/participant-role,ValueSet/body-site,ValueSet/servicerequest-orderdetail,ValueSet/procedure-code,ValueSet/procedure-reason,ValueSet/medication-as-needed-reason"
http://terminology.hl7.org/CodeSystem/common-tags,1.0.1,active,"2.16.840.1.113883.4.642.1.1067",CommonTags,Common Tags,"Common Tag Codes defined by FHIR project","ValueSet/common-tags"
http://terminology.hl7.org/CodeSystem/contactentity-type,2.0.0,active,"2.16.840.1.113883.4.642.1.1129",ContactEntityType,Contact entity type,"This example value set defines a set of codes that can be used to indicate the purpose for which you would contact a contact party.","ValueSet/contactentity-type"
http://terminology.hl7.org/CodeSystem/organization-type,2.0.1,active,"2.16.840.1.113883.4.642.1.1128",OrganizationType,Organization type,"This example value set defines a set of codes that can be used to indicate a type of organization.","ValueSet/organization-type"
http://terminology.hl7.org/CodeSystem/program,1.0.1,active,"2.16.840.1.113883.4.642.1.1384",Program,Program,"This value set defines an example set of codes that could be can be used to classify groupings of service-types/specialties.","ValueSet/program"
http://terminology.hl7.org/CodeSystem/service-provision-conditions,1.0.1,active,"2.16.840.1.113883.4.642.1.1143",ServiceProvisionConditions,ServiceProvisionConditions,"The code(s) that detail the conditions under which the healthcare service is available/offered.","ValueSet/service-provision-conditions"
http://terminology.hl7.org/CodeSystem/service-referral-method,1.0.1,active,"2.16.840.1.113883.4.642.1.1142",ReferralMethod,ReferralMethod,"The methods of referral can be used when referring to a specific HealthCareService resource.","ValueSet/service-referral-method"
http://terminology.hl7.org/CodeSystem/v2-0131,3.0.0,active,"2.16.840.1.113883.18.58",ContactRole2,contactRole2,"Code system of concepts which specify a relationship role that the next of kin/associated parties plays with regard to the patient. Also used in referrals, for example, it may be necessary to identify the contact representative at the clinic that sent a referral. Used in HL7 Version 2 messaging in the NK1 and CTD segments after 2.5, when it replace 2.16.840.1.113883.18.57.","ValueSet/fr-core-vs-patient-contact-role,ValueSet/patient-contactrelationship"
http://terminology.hl7.org/CodeSystem/v2-0203,5.0.0,active,"2.16.840.1.113883.18.108",IdentifierType,identifierType,"HL7-defined code system of concepts specifying type of identifier. Used in HL7 Version 2.x messaging data types CX, PLN, PPN, XCN and XON.","ValueSet/identifier-type,ValueSet/fr-core-vs-patient-identifier-type"
http://terminology.hl7.org/CodeSystem/v3-MaritalStatus,4.0.0,active,"2.16.840.1.113883.5.2",MaritalStatus,MaritalStatus,"\* \* \* No description supplied \* \* \*    *Open Issue:* The specific meanings of these codes can vary somewhat by jurisdiction and implementation so caution should be used when determining equivalency.    *Open Issue:* fixing and completion of the hierarchy and proper good definitions of all the concepts is badly needed.","ValueSet/fr-core-vs-marital-status"
http://terminology.hl7.org/CodeSystem/v3-NullFlavor,4.0.0,active,"2.16.840.1.113883.5.1008",NullFlavor,NullFlavor,"A collection of codes specifying why a valid value is not present.","ValueSet/fr-core-vs-marital-status"
http://terminology.hl7.org/CodeSystem/v3-RoleCode,4.0.0,active,"2.16.840.1.113883.5.111",RoleCode,RoleCode,"A set of codes further specifying the kind of Role; specific classification codes for further qualifying RoleClass codes.","ValueSet/v3-ServiceDeliveryLocationRoleType"
https://hl7.fr/ig/fhir/core/CodeSystem/fr-core-cs-marital-status,2.2.0,draft,,FRCoreCodeSystemMaritalStatus,FR Core CodeSystem Marital Status,"Marital status","ValueSet/fr-core-vs-marital-status"
https://hl7.fr/ig/fhir/core/CodeSystem/fr-core-cs-method-collection,2.2.0,active,,FRCoreCodeSystemMethodCollection,FR Core CodeSystem Mode Validation Identite,"Méthode de collection de l'identité","ValueSet/fr-core-vs-identity-method-collection"
https://hl7.fr/ig/fhir/core/CodeSystem/fr-core-cs-mode-validation-identity,2.2.0,active,,FRCoreCodeSystemModeValidationIdentite,FR Core CodeSystem Mode Validation Identite,"Mode de validation de l'identité","ValueSet/fr-core-vs-mode-validation-identity-ins"
https://hl7.fr/ig/fhir/core/CodeSystem/fr-core-cs-patient-contact-relationship-category,2.2.0,active,,FRCoreCodeSystemPatientContactRelationshipCategory,FR Core CodeSystem Patient Contact Relationship Category,"Catégorie de la relation du contact patient : rôle ou type de relation","ValueSet/fr-core-vs-patient-contact-relationship-category"
https://hl7.fr/ig/fhir/core/CodeSystem/fr-core-cs-v2-0203,2.2.0,active,,FRCoreCodeSystemv2_0203,FR Core CodeSystem v2-0203,"HL7 v2 - Identifier type","ValueSet/fr-core-vs-patient-identifier-type"
https://hl7.fr/ig/fhir/core/CodeSystem/fr-core-cs-v2-0445,2.2.0,draft,,FRCoreCodeSystemv2_0445,FR Core CodeSystem v2-0445,"HL7 v2 - Table 0445","ValueSet/fr-core-vs-identity-reliability"
https://hl7.fr/ig/fhir/core/CodeSystem/fr-core-cs-v2-3307,2.2.0,draft,,FRCoreCodeSystemv2_3307,FR Core CodeSystem v2-3307,"HL7 v2 - Table 3307","ValueSet/fr-core-vs-organization-type"
https://interop.esante.gouv.fr/ig/fhir/annuaire/CodeSystem/as-cs-organization-types,1.1.0,active,,AsCsOrganizationTypes,AS CodeSystem OrganizationTypes,"CodeSystem définissant les types d'organisation","ValueSet/as-vs-organization-types"
https://interop.esante.gouv.fr/ig/fhir/annuaire/CodeSystem/as-cs-type-etablissement,1.1.0,active,,AsCsTypeEtablissement,AS CodeSystem Type Etablissement,"CodeSystem définissant les types d'établissement.","ValueSet/as-vs-type-etablissement"
https://interop.esante.gouv.fr/ig/fhir/ror/CodeSystem/act-type-ror-codesystem,0.7.0,draft,,ActTypeRORCodeSystem,,"CodeSystem pour le type d'acte pour les slices de characteristic concernant les actes dans la ressource ROR HealthcareService","ValueSet/act-type-ror-valueset"
https://interop.esante.gouv.fr/ig/fhir/teleexpertise-confluence/CodeSystem/active-status-cs,0.1.0,draft,,ActiveStatusCS,,"","ValueSet/activestatus"
https://mos.esante.gouv.fr/NOS/TRE_G00-Langue/FHIR/TRE-G00-Langue,20240927120000,active,"1.2.250.1.71.2.10",TRE_G00_Langue,,"Langue","ValueSet/JDV-J82-Langue-RASS"
https://mos.esante.gouv.fr/NOS/TRE_G05-SousSectionTableauCNOP/FHIR/TRE-G05-SousSectionTableauCNOP,20231215120000,active,"1.2.250.1.71.4.2.6",TRE_G05_SousSectionTableauCNOP,,"Sous-Section du tableau de l'Ordre des Pharmaciens","ValueSet/fr-core-vs-practitioner-role-exercice,ValueSet/JDV-J73-MetierPharmacien-RASS"
https://mos.esante.gouv.fr/NOS/TRE_G09-DepartementOM/FHIR/TRE-G09-DepartementOM,20240628120000,active,"1.2.250.1.71.1.2.16",TRE_G09_DepartementOM,,"Référentiel des codes départements et collectivités d’outre-mer provenant du COG INSEE + Monaco. Cette TRE possède des propriétés spécifiques : Autorite Epars, pour indiquer le/ les ARS du département (tre-r396-autorite) et region pour indiquer le code de la région du département (TRE-R30-RegionOM)","ValueSet/JDV-J84-DepartementOM-RASS"
https://mos.esante.gouv.fr/NOS/TRE_G15-ProfessionSante/FHIR/TRE-G15-ProfessionSante,20250328120000,active,"1.2.250.1.71.1.2.7",TRE_G15_ProfessionSante,,"Professions de santé définies par le code de la santé publique : professions médicales (art. L4111-1 à L4163-10), de la pharmacie et de la physique médicale (art. 4211-1 à 4252-3) et d’auxiliaires médicaux (art. 4311-1 à 4394-3)","ValueSet/JDV-J186-ProfessionRessource-ROR,ValueSet/JDV-J106-EnsembleProfession-RASS"
https://mos.esante.gouv.fr/NOS/TRE_R02-SecteurActivite/FHIR/TRE-R02-SecteurActivite,20250523120000,active,"1.2.250.1.71.4.2.4",TRE_R02_SecteurActivite,,"Le secteur d'activité de santé est une donnée RPPS et correspond au type de service fourni par une structure. Il sert principalement à déterminer les propriétés de facturation des professionnels de ces structures vis-à-vis de l'assurance maladie","ValueSet/JDV-J101-SecteurActivite-RASS"
https://mos.esante.gouv.fr/NOS/TRE_R04-TypeSavoirFaire/FHIR/TRE-R04-TypeSavoirFaire,20251016120000,active,"1.2.250.1.213.1.6.1.16",TRE_R04_TypeSavoirFaire,,"Type de savoir-faire","ValueSet/JDV-J91-TypeSavoirFaire-RASS"
https://mos.esante.gouv.fr/NOS/TRE_R06-SectionTableauCNOP/FHIR/TRE-R06-SectionTableauCNOP,20231215120000,active,"1.2.250.1.213.2.37",TRE_R06_SectionTableauCNOP,,"Section du tableau de l'Ordre des Pharmaciens","ValueSet/fr-core-vs-practitioner-role-exercice,ValueSet/JDV-J73-MetierPharmacien-RASS"
https://mos.esante.gouv.fr/NOS/TRE_R09-CategorieProfessionnelle/FHIR/TRE-R09-CategorieProfessionnelle,20260223120000,active,"1.2.250.1.213.1.6.1.10",TRE_R09_CategorieProfessionnelle,,"Catégorie professionnelle","ValueSet/JDV-J89-CategorieProfessionnelle-RASS"
https://mos.esante.gouv.fr/NOS/TRE_R11-CiviliteExercice/FHIR/TRE-R11-CiviliteExercice,20231215120000,active,"1.2.250.1.213.1.6.1.11",TRE_R11_CiviliteExercice,,"Civilité d'exercice","ValueSet/JDV-J79-CiviliteExercice-RASS"
https://mos.esante.gouv.fr/NOS/TRE_R14-TypeDiplome/FHIR/TRE-R14-TypeDiplome,20240329120000,active,"1.2.250.1.213.1.6.1.36",TRE_R14_TypeDiplome,,"Type de diplôme","ValueSet/JDV-J81-TypeDiplome-RASS"
https://mos.esante.gouv.fr/NOS/TRE_R17-TypeAutorisation/FHIR/TRE-R17-TypeAutorisation,20250523120000,active,"1.2.250.1.213.1.6.1.14",TRE_R17_TypeAutorisation,,"Type d'autorisation","ValueSet/JDV-J75-TypeAutorisation-RASS"
https://mos.esante.gouv.fr/NOS/TRE_R18-DisciplineAutorisation/FHIR/TRE-R18-DisciplineAutorisation,20231215120000,active,"1.2.250.1.213.1.6.1.67",TRE_R18_DisciplineAutorisation,,"Discipline d'autorisation","ValueSet/JDV-J76-DisciplineAutorisation-RASS"
https://mos.esante.gouv.fr/NOS/TRE_R201-TypeDivisionTerritoriale/FHIR/TRE-R201-TypeDivisionTerritoriale,20231215120000,active,"1.2.250.1.213.3.3.2",TRE_R201_TypeDivisionTerritoriale,,"Type de division territoriale","ValueSet/JDV-J223-TypeDivisionTerritoriale-ROR"
https://mos.esante.gouv.fr/NOS/TRE_R21-Fonction/FHIR/TRE-R21-Fonction,20260223120000,active,"1.2.250.1.213.1.6.1.17",TRE_R21_Fonction,,"Fonction","ValueSet/JDV-J108-EnsembleFonction-RASS,ValueSet/fr-core-vs-practitioner-role-exercice"
https://mos.esante.gouv.fr/NOS/TRE_R210-ActeSpecifique/FHIR/TRE-R210-ActeSpecifique,20251222120000,active,"1.2.250.1.213.3.3.11",TRE_R210_ActeSpecifique,,"Un acte spécifique est une action menée par un ou plusieurs acteur(s) de santé dans le cadre d’une activité. Cet acte peut correspondre à une technique spécialisée ou traduire une expertise discriminante dans le parcours de santé. Les actes réalisés habituellement par ce type d’organisation ne sont pas des actes spécifiques. Les actes spécifiques décrits sont réalisés avec les ressources propres de l’organisation ou via des ressources mises à disposition dans le cadre d’une convention à la condition que ces ressources interviennent sur site dans la réalisation de la prestation.","ValueSet/JDV-J16-ActeSpecifique-ROR"
https://mos.esante.gouv.fr/NOS/TRE_R211-ActiviteOperationnelle/FHIR/TRE-R211-ActiviteOperationnelle,20251222120000,active,"1.2.250.1.213.3.3.12",TRE_R211_ActiviteOperationnelle,,"Activite Operationnelle","ValueSet/JDV-J35-SpecialisationDePriseEnCharge-ROR"
https://mos.esante.gouv.fr/NOS/TRE_R216-HL7RoleCode/FHIR/TRE-R216-HL7RoleCode,20241213120000,active,"2.16.840.1.113883.5.111",TRE_R216_HL7RoleCode,,"HL7 roleCode","ValueSet/fr-core-vs-relation-type"
https://mos.esante.gouv.fr/NOS/TRE_R217-ProtectionJuridique/FHIR/TRE-R217-ProtectionJuridique,20231215120000,active,"1.2.250.1.213.1.1.4.327",TRE_R217_ProtectionJuridique,,"Protection juridique","ValueSet/fr-core-vs-patient-contact-role"
https://mos.esante.gouv.fr/NOS/TRE_R22-GenreActivite/FHIR/TRE-R22-GenreActivite,20240329120000,active,"1.2.250.1.213.1.6.1.19",TRE_R22_GenreActivite,,"Genre d'activité","ValueSet/JDV-J94-GenreActivite-RASS,ValueSet/fr-core-vs-practitioner-role-exercice"
https://mos.esante.gouv.fr/NOS/TRE_R223-NatCycleForm/FHIR/TRE-R223-NatCycleForm,20231215120000,active,"1.2.250.1.213.1.6.1.115",TRE_R223_NatCycleForm,,"Nature du cycle de formation des étudiants","ValueSet/JDV-J86-NatCycleForm-RASS"
https://mos.esante.gouv.fr/NOS/TRE_R224-NiveauFormAcquis/FHIR/TRE-R224-NiveauFormAcquis,20231215120000,active,"1.2.250.1.213.1.6.1.116",TRE_R224_NiveauFormAcquis,,"Niveaux de formation acquis dans le cycle de formation des étudiants","ValueSet/JDV-J87-NiveauFormAcquis-RASS"
https://mos.esante.gouv.fr/NOS/TRE_R225-AnneeUniversitaire/FHIR/TRE-R225-AnneeUniversitaire,20251009120000,active,"1.2.250.1.213.1.6.1.117",TRE_R225_AnneeUniversitaire,,"Année universitaire","ValueSet/JDV-J88-AnneeUniversitaire-RASS"
https://mos.esante.gouv.fr/NOS/TRE_R226-Dip2iemeCycleNQ/FHIR/TRE-R226-Dip2iemeCycleNQ,20231215120000,active,"1.2.250.1.213.1.6.1.118",TRE_R226_Dip2iemeCycleNQ,,"Diplôme de 2ième cycle non qualifiant","ValueSet/JDV-J105-EnsembleDiplome-RASS"
https://mos.esante.gouv.fr/NOS/TRE_R227-ChampActivite/FHIR/TRE-R227-ChampActivite,20231215120000,active,"1.2.250.1.213.3.3.17",TRE_R227_ChampActivite,,"Champ d'activité","ValueSet/JDV-J20-ChampActivite-ROR"
https://mos.esante.gouv.fr/NOS/TRE_R23-ModeExercice/FHIR/TRE-R23-ModeExercice,20260202120000,active,"1.2.250.1.213.1.6.1.18",TRE_R23_ModeExercice,,"Mode d'exercice","ValueSet/fr-core-vs-practitioner-role-exercice"
https://mos.esante.gouv.fr/NOS/TRE_R236-ModeGestion/FHIR/TRE-R236-ModeGestion,20231215120000,active,"1.2.250.1.213.3.3.23",TRE_R236_ModeGestion,,"Mode gestion","ValueSet/JDV-J26-ModeGestion-ROR"
https://mos.esante.gouv.fr/NOS/TRE_R238-OuvertureAnnuelle/FHIR/TRE-R238-OuvertureAnnuelle,20231215120000,active,"1.2.250.1.213.3.3.27",TRE_R238_OuvertureAnnuelle,,"Ouverture annuelle","ValueSet/JDV-J28-OuvertureAnnuelle-ROR"
https://mos.esante.gouv.fr/NOS/TRE_R24-TypeActiviteLiberale/FHIR/TRE-R24-TypeActiviteLiberale,20231215120000,active,"1.2.250.1.213.1.6.1.22",TRE_R24_TypeActiviteLiberale,,"Type d'activité libérale","ValueSet/JDV-J96-TypeActiviteLiberale-RASS,ValueSet/fr-core-vs-practitioner-role-exercice"
https://mos.esante.gouv.fr/NOS/TRE_R240-TemporaliteAccueil/FHIR/TRE-R240-TemporaliteAccueil,20231215120000,active,"1.2.250.1.213.3.3.31",TRE_R240_TemporaliteAccueil,,"Temporalité accueil","ValueSet/JDV-J30-TemporaliteAccueil-ROR"
https://mos.esante.gouv.fr/NOS/TRE_R243-CompetenceSpecifique/FHIR/TRE-R243-CompetenceSpecifique,20240426120000,active,"1.2.250.1.213.3.3.37",TRE_R243_CompetenceSpecifique,,"Compétence spécifique","ValueSet/JDV-J33-CompetenceSpecifique-ROR"
https://mos.esante.gouv.fr/NOS/TRE_R244-CategorieOrganisation/FHIR/TRE-R244-CategorieOrganisation,20260223120000,active,"1.2.250.1.213.3.3.39",TRE_R244_CategorieOrganisation,,"Catégorie d'organisation","ValueSet/JDV-J238-TypeOffre-ROR"
https://mos.esante.gouv.fr/NOS/TRE_R245-SpecialisationDePriseEnCharge/FHIR/TRE-R245-SpecialisationDePriseEnCharge,20250425120000,active,"1.2.250.1.213.3.3.41",TRE_R245_SpecialisationDePriseEnCharge,,"Spécialisation de prise en charge","ValueSet/JDV-J35-SpecialisationDePriseEnCharge-ROR"
https://mos.esante.gouv.fr/NOS/TRE_R253-TypeMaternite/FHIR/TRE-R253-TypeMaternite,20231215120000,active,"1.2.250.1.213.3.3.52",TRE_R253_TypeMaternite,,"Type de maternité","ValueSet/JDV-J227-NiveauExpertise-ROR"
https://mos.esante.gouv.fr/NOS/TRE_R260-HL7RoleClass/FHIR/TRE-R260-HL7RoleClass,20240426120000,active,"2.16.840.1.113883.5.110",TRE_R260_HL7RoleClass,,"Rôle de la personne point de contact auprès d'une autre personne repris de la terminologie HL7 v3 RoleClass (https://www.hl7.org/fhir/v3/RoleClass/cs.html)","ValueSet/fr-core-vs-patient-contact-role"
https://mos.esante.gouv.fr/NOS/TRE_R265-PrestationPilotageSerafin/FHIR/TRE-R265-PrestationPilotageSerafin,1.5.0,active,"1.2.250.1.213.3.3.60",TRE_R265-PrestationPilotageSerafin,,"Prestation pilotage Serafin","ValueSet/JDV-J51-FamilleActiviteOperationnelle-ROR"
https://mos.esante.gouv.fr/NOS/TRE_R266-FamilleActiviteOperationnelleHorsSerafin/FHIR/TRE-R266-FamilleActiviteOperationnelleHorsSerafin,20231215120000,active,"1.2.250.1.213.3.3.61",TRE_R266_FamilleActiviteOperationnelleHorsSerafin,,"Familles activités opérationnelles hors Serafin","ValueSet/JDV-J51-FamilleActiviteOperationnelle-ROR"
https://mos.esante.gouv.fr/NOS/TRE_R286-TypeFermeture/FHIR/TRE-R286-TypeFermeture,20251016120000,active,"1.2.250.1.213.1.6.1.136",TRE_R286_TypeFermeture,,"Type de fermeture, codes provenant du FINESS pour les EJ et EG","ValueSet/JDV-J185-TypeFermeture-ROR"
https://mos.esante.gouv.fr/NOS/TRE_R287-NatureContact/FHIR/TRE-R287-NatureContact,20241213120000,active,"1.2.250.1.213.3.3.67",TRE_R287_NatureContact,,"Un service ou un guichet assurant le contact au sein de l'organisation","ValueSet/JDV-J221-NatureContact-ROR"
https://mos.esante.gouv.fr/NOS/TRE_R291-AutreProfession/FHIR/TRE-R291-AutreProfession,20231215120000,active,"1.2.250.1.213.1.6.1.140",TRE_R291_AutreProfession,,"Liste de professionnels non membres d'une profession réglementée","ValueSet/JDV-J106-EnsembleProfession-RASS"
https://mos.esante.gouv.fr/NOS/TRE_R30-RegionOM/FHIR/TRE-R30-RegionOM,20240628120000,active,"1.2.250.1.213.2.25",TRE_R30_RegionOM,,"Référentiel des codes régions et collectivités d'outre-mer provenant du COG INSEE + Monaco","ValueSet/JDV-J237-RegionOM-ROR"
https://mos.esante.gouv.fr/NOS/TRE_R32-StatutHospitalier/FHIR/TRE-R32-StatutHospitalier,20231215120000,active,"1.2.250.1.213.1.6.1.21",TRE_R32_StatutHospitalier,,"Statut hospitalier","ValueSet/JDV-J98-StatutHospitalier-RASS,ValueSet/fr-core-vs-practitioner-role-exercice"
https://mos.esante.gouv.fr/NOS/TRE_R33-StatutInscription/FHIR/TRE-R33-StatutInscription,20231215120000,active,"1.2.250.1.213.1.6.1.12",TRE_R33_StatutInscription,,"Statut de l'inscription","ValueSet/JDV-J85-StatutInscription-RASS"
https://mos.esante.gouv.fr/NOS/TRE_R338-ModaliteAccueil/FHIR/TRE-R338-ModaliteAccueil,20251222120000,active,"1.2.250.1.213.3.3.221",TRE_R338_ModaliteAccueil,,"Modalités d'accueil","ValueSet/JDV-J226-ModaliteAccueil-ROR"
https://mos.esante.gouv.fr/NOS/TRE_R34-StatutProfessionnelSSA/FHIR/TRE-R34-StatutProfessionnelSSA,20231215120000,active,"1.2.250.1.213.1.6.1.23",TRE_R34_StatutProfessionnelSSA,,"Statut du professionnel au SSA","ValueSet/JDV-J97-StatutProfessionnelSSA-RASS"
https://mos.esante.gouv.fr/NOS/TRE_R344-NiveauExpertise/FHIR/TRE-R344-NiveauExpertise,20251222120000,active,"1.2.250.1.213.3.3.228",TRE_R344_NiveauExpertise,,"Le niveau d'expertise atteste du niveau de ressources humaines et matérielles engagées dans la réalisation de l'offre et défini dans un cahier des charges officiel.","ValueSet/JDV-J227-NiveauExpertise-ROR"
https://mos.esante.gouv.fr/NOS/TRE_R348-FormationSpecialiseeTransversale/FHIR/TRE-R348-FormationSpecialiseeTransversale,20251222120000,active,"1.2.250.1.213.1.6.1.251",TRE_R348_FormationSpecialiseeTransversale,,"Formation Spécialisée Transversale (FST)","ValueSet/JDV-J105-EnsembleDiplome-RASS"
https://mos.esante.gouv.fr/NOS/TRE_R356-ProfessionRessource/FHIR/TRE-R356-ProfessionRessource,20250918120000,active,"1.2.250.1.213.3.3.246",TRE_R356_ProfessionRessource,,"Profession Ressource","ValueSet/JDV-J186-ProfessionRessource-ROR"
https://mos.esante.gouv.fr/NOS/TRE_R36-AutreDiplomeObtenu/FHIR/TRE-R36-AutreDiplomeObtenu,20231215120000,active,"1.2.250.1.213.1.6.1.54",TRE_R36_AutreDiplomeObtenu,,"Autre diplôme obtenu","ValueSet/JDV-J105-EnsembleDiplome-RASS"
https://mos.esante.gouv.fr/NOS/TRE_R38-SpecialiteOrdinale/FHIR/TRE-R38-SpecialiteOrdinale,20240531120000,active,"1.2.250.1.213.2.28",TRE_R38_SpecialiteOrdinale,,"Spécialité ordinale","ValueSet/fr-core-vs-practitioner-specialty"
https://mos.esante.gouv.fr/NOS/TRE_R48-DiplomeEtatFrancais/FHIR/TRE-R48-DiplomeEtatFrancais,20250425120000,active,"1.2.250.1.213.1.6.1.31",TRE_R48_DiplomeEtatFrancais,,"Diplôme de l'Etat français","ValueSet/JDV-J105-EnsembleDiplome-RASS"
https://mos.esante.gouv.fr/NOS/TRE_R49-DiplomeEtudeSpecialisee/FHIR/TRE-R49-DiplomeEtudeSpecialisee,20240531120000,active,"1.2.250.1.213.1.6.1.32",TRE_R49_DiplomeEtudeSpecialisee,,"Diplôme d'Etudes Spécialisées","ValueSet/JDV-J105-EnsembleDiplome-RASS"
https://mos.esante.gouv.fr/NOS/TRE_R50-DESCGroupe1Diplome/FHIR/TRE-R50-DESCGroupe1Diplome,20231215120000,active,"1.2.250.1.213.1.6.1.48",TRE_R50_DESCGroupe1Diplome,,"DESC Groupe 1 (diplôme)","ValueSet/JDV-J105-EnsembleDiplome-RASS"
https://mos.esante.gouv.fr/NOS/TRE_R51-DESCGroupe2Diplome/FHIR/TRE-R51-DESCGroupe2Diplome,20231215120000,active,"1.2.250.1.213.1.6.1.49",TRE_R51_DESCGroupe2Diplome,,"DESC Groupe 2 (diplôme)","ValueSet/JDV-J105-EnsembleDiplome-RASS"
https://mos.esante.gouv.fr/NOS/TRE_R52-CapaciteDiplome/FHIR/TRE-R52-CapaciteDiplome,20231215120000,active,"1.2.250.1.213.1.6.1.50",TRE_R52_CapaciteDiplome,,"Capacité (diplôme)","ValueSet/JDV-J105-EnsembleDiplome-RASS"
https://mos.esante.gouv.fr/NOS/TRE_R53-DiplomePaysEEE/FHIR/TRE-R53-DiplomePaysEEE,20231215120000,active,"1.2.250.1.213.1.6.1.51",TRE_R53_DiplomePaysEEE,,"Diplôme d'un pays de l'EEE","ValueSet/JDV-J105-EnsembleDiplome-RASS"
https://mos.esante.gouv.fr/NOS/TRE_R54-DiplomeUniversiteInterUniversitaire/FHIR/TRE-R54-DiplomeUniversiteInterUniversitaire,20240726120000,active,"1.2.250.1.213.1.6.1.34",TRE_R54_DiplomeUniversiteInterUniversitaire,,"Diplôme d'Université ou Inter-Universitaire","ValueSet/JDV-J105-EnsembleDiplome-RASS"
https://mos.esante.gouv.fr/NOS/TRE_R55-CertificatEtudeSpeciale/FHIR/TRE-R55-CertificatEtudeSpeciale,20231215120000,active,"1.2.250.1.213.1.6.1.52",TRE_R55_CertificatEtudeSpeciale,,"Certificat d'Etude Spéciale","ValueSet/JDV-J105-EnsembleDiplome-RASS"
https://mos.esante.gouv.fr/NOS/TRE_R56-Attestation/FHIR/TRE-R56-Attestation,20240329120000,active,"1.2.250.1.213.1.6.1.27",TRE_R56_Attestation,,"Attestation","ValueSet/JDV-J105-EnsembleDiplome-RASS"
https://mos.esante.gouv.fr/NOS/TRE_R57-DiplomeEuropeenEtudeSpecialisee/FHIR/TRE-R57-DiplomeEuropeenEtudeSpecialisee,20231215120000,active,"1.2.250.1.213.1.6.1.33",TRE_R57_DiplomeEuropeenEtudeSpecialisee,,"Diplôme Européen d'Etudes Spécialisées","ValueSet/JDV-J105-EnsembleDiplome-RASS"
https://mos.esante.gouv.fr/NOS/TRE_R58-AutreTypeDiplome/FHIR/TRE-R58-AutreTypeDiplome,20260223120000,active,"1.2.250.1.213.1.6.1.53",TRE_R58_AutreTypeDiplome,,"Autre type de diplôme","ValueSet/JDV-J105-EnsembleDiplome-RASS"
https://mos.esante.gouv.fr/NOS/TRE_R60-AutoriteEnregistrement/FHIR/TRE-R60-AutoriteEnregistrement,20240628120000,active,"1.2.250.1.213.1.6.1.57",TRE_R60_AutoriteEnregistrement,,"Autorité d'enregistrement","ValueSet/JDV-J83-AutoriteEnregistrement-RASS"
https://mos.esante.gouv.fr/NOS/TRE_R66-CategorieEtablissement/FHIR/TRE-R66-CategorieEtablissement,20260223120000,active,"1.2.250.1.213.1.6.1.8",TRE_R66_CategorieEtablissement,,"Catégorie d'établissements","ValueSet/JDV-J129-CategorieEtablissement-RASS"
https://mos.esante.gouv.fr/NOS/TRE_R72-FinessStatutJuridique/FHIR/TRE-R72-FinessStatutJuridique,20240329120000,active,"1.2.250.1.213.1.6.1.44",TRE_R72_FinessStatutJuridique,,"Statuts juridiques provenant de FINESS, excepté pour les codes 000 et 100 à 110 qui ont été ajoutés pour les besoins du RPPS en 2017.","ValueSet/JDV-J100-FinessStatutJuridique-RASS"
https://mos.esante.gouv.fr/NOS/TRE_R73-ESPIC/FHIR/TRE-R73-ESPIC,20231215120000,active,"1.2.250.1.213.1.6.1.45",TRE_R73_ESPIC,,"Etablissement de santé privé d'intérêt collectif","ValueSet/JDV-J162-ESPIC-RASS"
https://mos.esante.gouv.fr/NOS/TRE_R75-InseeNAFrev2Niveau5/FHIR/TRE-R75-InseeNAFrev2Niveau5,20260223120000,retired,"1.2.250.1.213.1.6.1.47",TRE_R75_InseeNAFrev2Niveau5,,"Sous-classes de la Nomenclature d'Activités Française - INSEE","ValueSet/JDV-J99-InseeNAFrav2Niveau5-RASS"
https://mos.esante.gouv.fr/NOS/TRE_R81-Civilite/FHIR/TRE-R81-Civilite,20231215120000,active,"1.2.250.1.213.1.6.1.69",TRE_R81_Civilite,,"Civilité","ValueSet/JDV-J245-Civilite-CISIS,ValueSet/JDV-J78-Civilite-RASS"
https://mos.esante.gouv.fr/NOS/TRE_R85-RolePriseCharge/FHIR/TRE-R85-RolePriseCharge,20260202120000,active,"1.2.250.1.213.1.6.1.107",TRE_R85_RolePriseCharge,,"Rôle dans la prise en charge des patients ou des usagers","ValueSet/JDV-J108-EnsembleFonction-RASS,ValueSet/JDV-J186-ProfessionRessource-ROR,ValueSet/fr-core-vs-practitioner-role-exercice"
https://mos.esante.gouv.fr/NOS/TRE_R87-TypeCarte/FHIR/TRE-R87-TypeCarte,20231215120000,active,"1.2.250.1.213.1.6.1.106",TRE_R87_TypeCarte,,"Type de carte","ValueSet/JDV-J128-TypeCarte-RASS"
https://mos.esante.gouv.fr/NOS/TRE_R94-ProfessionSocial/FHIR/TRE-R94-ProfessionSocial,20241213120000,active,"1.2.250.1.213.1.6.1.4",TRE_R94_ProfessionSocial,,"Profession du social","ValueSet/JDV-J186-ProfessionRessource-ROR,ValueSet/JDV-J106-EnsembleProfession-RASS"
https://mos.esante.gouv.fr/NOS/TRE_R95-UsagerTitre/FHIR/TRE-R95-UsagerTitre,20241213120000,active,"1.2.250.1.213.1.6.1.109",TRE_R95_UsagerTitre,,"Usager de titre professionnel","ValueSet/JDV-J186-ProfessionRessource-ROR,ValueSet/JDV-J106-EnsembleProfession-RASS"
https://mos.esante.gouv.fr/NOS/TRE_R96-AutreFonctionSanitaire/FHIR/TRE-R96-AutreFonctionSanitaire,20231215120000,active,"1.2.250.1.213.1.6.1.110",TRE_R96_AutreFonctionSanitaire,,"Autres fonctions du domaine sanitaire","ValueSet/JDV-J108-EnsembleFonction-RASS,ValueSet/JDV-J186-ProfessionRessource-ROR,ValueSet/fr-core-vs-practitioner-role-exercice"
urn:ietf:bcp:47,2.0.1,active,"2.16.840.1.113883.6.121",Ietf3066,Tags for the Identification of Languages,"Older value from OID registry.  Superceded; see recommendations in BCP-47.","ValueSet/languages"
