URL,Version,Status,OIDs,Name,Title,Description,Uses,Used,Sources
http://hl7.org/fhir/ValueSet/address-type,4.0.1,active,"2.16.840.1.113883.4.642.3.69",AddressType,AddressType,"The type of an address (physical / postal).","StructureDefinition/FRCoreAddressProfile,StructureDefinition/fr-core-patient-cfl,StructureDefinition/AsAddressExtendedProfile","hl7.fhir.r4.core"
http://hl7.org/fhir/ValueSet/address-use,4.0.1,active,"2.16.840.1.113883.4.642.3.67",AddressUse,AddressUse,"The use of an address.","StructureDefinition/FRCoreAddressProfile,StructureDefinition/fr-core-patient-cfl,StructureDefinition/AsAddressExtendedProfile","hl7.fhir.r4.core"
http://hl7.org/fhir/ValueSet/administrative-gender,4.0.1,active,"2.16.840.1.113883.4.642.3.1",AdministrativeGender,AdministrativeGender,"The gender of a person used for administrative purposes.","StructureDefinition/fr-core-patient-cfl,StructureDefinition/cfl-practitioner","hl7.fhir.r4.core"
http://hl7.org/fhir/ValueSet/body-site,4.0.1,draft,"2.16.840.1.113883.4.642.3.141",SNOMEDCTBodyStructures,SNOMED CT Body Structures,"This value set includes all codes from [SNOMED CT](http://snomed.info/sct) where concept is-a 442083009 (Anatomical or acquired body site (body structure)).","StructureDefinition/cfl-ServiceRequest-enrichi,StructureDefinition/cfl-ServiceRequest-requerant","SCT"
http://hl7.org/fhir/ValueSet/bundle-type,4.0.1,active,"2.16.840.1.113883.4.642.3.620",BundleType,BundleType,"Indicates the purpose of a bundle - how it is intended to be used.","StructureDefinition/cfl-transaction-response-bundle","hl7.fhir.r4.core"
http://hl7.org/fhir/ValueSet/c80-practice-codes,4.0.1,active,"2.16.840.1.113883.3.88.12.80.72",PracticeSettingCodeValueSet,Practice Setting Code Value Set,"This is the code representing the clinical specialty of the clinician or provider who interacted with, treated, or provided a service to/for the patient. The value set used for clinical specialty has been limited by HITSP to the value set reproduced from HITSP C80 Table 2-149 Clinical Specialty Value Set Definition.","StructureDefinition/CFL-HealthcareService-profile","SCT"
http://hl7.org/fhir/ValueSet/common-tags,4.0.1,draft,"2.16.840.1.113883.4.642.3.79",CommonTags,Common Tags,"Common Tag Codes defined by FHIR project","StructureDefinition/CFL-HealthcareService-profile,StructureDefinition/cfl-transaction-response-bundle,StructureDefinition/fr-core-patient-cfl,StructureDefinition/cfl-practitioner,StructureDefinition/cfl-Organization,StructureDefinition/cfl-practitionerrole","THO"
http://hl7.org/fhir/ValueSet/contact-point-system,4.0.1,active,"2.16.840.1.113883.4.642.3.71",ContactPointSystem,ContactPointSystem,"Telecommunications form for contact point.","StructureDefinition/CFL-HealthcareService-profile,StructureDefinition/as-mailbox-mss,StructureDefinition/cfl-Organization,StructureDefinition/cfl-practitionerrole,StructureDefinition/FRCoreContactPointProfile","hl7.fhir.r4.core"
http://hl7.org/fhir/ValueSet/contact-point-use,4.0.1,active,"2.16.840.1.113883.4.642.3.73",ContactPointUse,ContactPointUse,"Use of contact point.","StructureDefinition/CFL-HealthcareService-profile,StructureDefinition/as-mailbox-mss,StructureDefinition/cfl-Organization,StructureDefinition/cfl-practitionerrole,StructureDefinition/FRCoreContactPointProfile","hl7.fhir.r4.core"
http://hl7.org/fhir/ValueSet/contactentity-type,4.0.1,draft,"2.16.840.1.113883.4.642.3.416",ContactEntityType,Contact entity type,"This example value set defines a set of codes that can be used to indicate the purpose for which you would contact a contact party.","StructureDefinition/cfl-Organization","THO"
http://hl7.org/fhir/ValueSet/days-of-week,4.0.1,active,"2.16.840.1.113883.4.642.3.512",DaysOfWeek,DaysOfWeek,"The days of the week.","StructureDefinition/CFL-HealthcareService-profile,StructureDefinition/cfl-practitionerrole","hl7.fhir.r4.core"
http://hl7.org/fhir/ValueSet/http-verb,4.0.1,active,"2.16.840.1.113883.4.642.3.624",HTTPVerb,HTTPVerb,"HTTP verbs (in the HTTP command line). See [HTTP rfc](https://tools.ietf.org/html/rfc7231) for details.","StructureDefinition/cfl-transaction-response-bundle","hl7.fhir.r4.core"
http://hl7.org/fhir/ValueSet/identifier-type,4.0.1,active,"2.16.840.1.113883.4.642.3.45",Identifier Type Codes,IdentifierType,"A coded type for an identifier that can be used to determine which identifier to use for a specific purpose.","StructureDefinition/fr-core-patient-cfl,StructureDefinition/cfl-practitioner,StructureDefinition/cfl-Organization,StructureDefinition/cfl-practitionerrole","THO (V2)"
http://hl7.org/fhir/ValueSet/identifier-use,4.0.1,active,"2.16.840.1.113883.4.642.3.57",IdentifierUse,IdentifierUse,"Identifies the purpose for this identifier, if known .","StructureDefinition/fr-core-patient-cfl,StructureDefinition/cfl-practitioner,StructureDefinition/cfl-Organization,StructureDefinition/cfl-practitionerrole","hl7.fhir.r4.core"
http://hl7.org/fhir/ValueSet/languages,4.0.1,draft,"2.16.840.1.113883.4.642.3.20",CommonLanguages,Common Languages,"This value set includes common codes from BCP-47 (http://tools.ietf.org/html/bcp47)","StructureDefinition/CFL-HealthcareService-profile,StructureDefinition/cfl-ServiceRequest-enrichi,StructureDefinition/cfl-transaction-response-bundle,StructureDefinition/fr-core-patient-cfl,StructureDefinition/cfl-ServiceRequest-requerant,StructureDefinition/cfl-practitioner,StructureDefinition/cfl-Organization,StructureDefinition/cfl-practitionerrole","hl7.terminology.r4"
http://hl7.org/fhir/ValueSet/link-type,4.0.1,active,"2.16.840.1.113883.4.642.3.423",LinkType,LinkType,"The type of link between this patient resource and another patient resource.","StructureDefinition/fr-core-patient-cfl","hl7.fhir.r4.core"
http://hl7.org/fhir/ValueSet/medication-as-needed-reason,4.0.1,draft,"2.16.840.1.113883.4.642.3.96",SNOMEDCTMedicationAsNeededReasonCodes,SNOMED CT Medication As Needed Reason Codes,"This value set includes all clinical findings from SNOMED CT - provided as an exemplar value set.","StructureDefinition/cfl-ServiceRequest-enrichi,StructureDefinition/cfl-ServiceRequest-requerant","SCT"
http://hl7.org/fhir/ValueSet/name-use,4.0.1,active,"2.16.840.1.113883.4.642.3.65",NameUse,NameUse,"The use of a human name.","StructureDefinition/fr-core-patient-cfl","hl7.fhir.r4.core"
http://hl7.org/fhir/ValueSet/organization-type,4.0.1,draft,"2.16.840.1.113883.4.642.3.414",OrganizationType,Organization type,"This example value set defines a set of codes that can be used to indicate a type of organization.","StructureDefinition/cfl-Organization","THO"
http://hl7.org/fhir/ValueSet/participant-role,4.0.1,draft,"2.16.840.1.113883.4.642.3.152",ParticipantRoles,Participant Roles,"Roles of participants that may be included in a care team.  Defined as: Is a Person, Healthcare professional (occupation) or Healthcare related organization (qualifier value).","StructureDefinition/cfl-ServiceRequest-enrichi,StructureDefinition/cfl-ServiceRequest-requerant","SCT"
http://hl7.org/fhir/ValueSet/patient-contactrelationship,4.0.1,active,"2.16.840.1.113883.4.642.3.1130",PatientContactRelationship,Patient Contact Relationship ,"The nature of the relationship between the patient and the contact person.","StructureDefinition/fr-core-patient-cfl","THO (V2)"
http://hl7.org/fhir/ValueSet/procedure-code,4.0.1,draft,"2.16.840.1.113883.4.642.3.427",ProcedureCodes(SNOMEDCT),Procedure Codes (SNOMED CT),"Procedure Code: All SNOMED CT procedure codes.","StructureDefinition/cfl-ServiceRequest-enrichi,StructureDefinition/cfl-ServiceRequest-requerant","SCT"
http://hl7.org/fhir/ValueSet/procedure-reason,4.0.1,draft,"2.16.840.1.113883.4.642.3.432",ProcedureReasonCodes,Procedure Reason Codes,"This example value set defines the set of codes that can be used to indicate a reason for a procedure.","StructureDefinition/cfl-ServiceRequest-enrichi,StructureDefinition/cfl-ServiceRequest-requerant","SCT"
http://hl7.org/fhir/ValueSet/program,4.0.1,draft,"2.16.840.1.113883.4.642.3.1383",Program,Program,"This value set defines an example set of codes that could be can be used to classify groupings of service-types/specialties.","StructureDefinition/CFL-HealthcareService-profile","THO"
http://hl7.org/fhir/ValueSet/request-intent,4.0.1,draft,"2.16.840.1.113883.4.642.3.113",RequestIntent,RequestIntent,"Codes indicating the degree of authority/intentionality associated with a request.","StructureDefinition/cfl-ServiceRequest-enrichi,StructureDefinition/cfl-ServiceRequest-requerant","hl7.fhir.r4.core"
http://hl7.org/fhir/ValueSet/request-priority,4.0.1,draft,"2.16.840.1.113883.4.642.3.115",RequestPriority,Request priority,"The clinical priority of a diagnostic order.","StructureDefinition/cfl-ServiceRequest-enrichi,StructureDefinition/cfl-ServiceRequest-requerant","hl7.fhir.r4.core"
http://hl7.org/fhir/ValueSet/request-status,4.0.1,draft,"2.16.840.1.113883.4.642.3.111",RequestStatus,RequestStatus,"Codes identifying the lifecycle stage of a request.","StructureDefinition/cfl-ServiceRequest-enrichi,StructureDefinition/cfl-ServiceRequest-requerant","hl7.fhir.r4.core"
http://hl7.org/fhir/ValueSet/search-entry-mode,4.0.1,active,"2.16.840.1.113883.4.642.3.622",SearchEntryMode,SearchEntryMode,"Why an entry is in the result set - whether it's included as a match or because of an _include requirement, or to convey information or warning information about the search process.","StructureDefinition/cfl-transaction-response-bundle","hl7.fhir.r4.core"
http://hl7.org/fhir/ValueSet/security-labels,4.0.1,active,"2.16.840.1.113883.4.642.3.47",All Security Labels,SecurityLabels,"A single value set for all security labels defined by FHIR.","StructureDefinition/CFL-HealthcareService-profile,StructureDefinition/cfl-transaction-response-bundle,StructureDefinition/fr-core-patient-cfl,StructureDefinition/cfl-practitioner,StructureDefinition/cfl-Organization,StructureDefinition/cfl-practitionerrole",
http://hl7.org/fhir/ValueSet/service-provision-conditions,4.0.1,draft,"2.16.840.1.113883.4.642.3.514",ServiceProvisionConditions,ServiceProvisionConditions,"The code(s) that detail the conditions under which the healthcare service is available/offered.","StructureDefinition/CFL-HealthcareService-profile","THO"
http://hl7.org/fhir/ValueSet/service-referral-method,4.0.1,draft,"2.16.840.1.113883.4.642.3.510",ReferralMethod,ReferralMethod,"The methods of referral can be used when referring to a specific HealthCareService resource.","StructureDefinition/CFL-HealthcareService-profile","THO"
http://hl7.org/fhir/ValueSet/servicerequest-category,4.0.1,draft,"2.16.840.1.113883.4.642.3.434",ServiceRequestCategoryCodes,Service Request Category Codes,"An example value set of SNOMED CT concepts that can classify a requested service","StructureDefinition/cfl-ServiceRequest-enrichi,StructureDefinition/cfl-ServiceRequest-requerant","SCT"
http://hl7.org/fhir/ValueSet/servicerequest-orderdetail,4.0.1,draft,"2.16.840.1.113883.4.642.3.435",ServiceRequestOrderDetailsCodes,Service Request Order Details Codes,"An example value set of Codified order entry details concepts.  These concepts only make sense in the context of what is being ordered.  This example is for a patient ventilation order","StructureDefinition/cfl-ServiceRequest-enrichi,StructureDefinition/cfl-ServiceRequest-requerant","SCT"
http://terminology.hl7.org/ValueSet/v2-2.7-0360,0360,active,,v2.0360.2.7,v2 table 0360, Version 2.7,"FHIR Value set/code system definition for HL7 v2 table 0360 ver 2.9 ( Degree/License/Certificate)","StructureDefinition/cfl-practitioner","THO (V2)"
http://terminology.hl7.org/ValueSet/v3-ServiceDeliveryLocationRoleType,3.0.0,active,"2.16.840.1.113883.1.11.17660",ServiceDeliveryLocationRoleType,ServiceDeliveryLocationRoleType,"A role of a place that further classifies the setting (e.g., accident site, road side, work site, community location) in which services are delivered.","StructureDefinition/cfl-ServiceRequest-enrichi,StructureDefinition/cfl-ServiceRequest-requerant","THO (V3)"
https://hl7.fr/ig/fhir/core/ValueSet/fr-core-vs-identity-method-collection,2.2.0,active,,FRCoreValueSetIdentityMethodCollection,FR Core ValueSet Identity method collection,"The validation mode of the identity.","StructureDefinition/fr-core-patient-cfl","hl7.fhir.fr.core"
https://hl7.fr/ig/fhir/core/ValueSet/fr-core-vs-identity-reliability,2.2.0,active,,FRCoreValueSetIdentityReliabilityStatus,FR Core ValueSet Identity reliability,"The reliability of the identity.","StructureDefinition/fr-core-patient-cfl","hl7.fhir.fr.core"
https://hl7.fr/ig/fhir/core/ValueSet/fr-core-vs-marital-status,2.2.0,active,,FRCoreValueSetMaritalStatus,FR Core ValueSet Marital Status ValueSet,"Patient Marital Status","StructureDefinition/fr-core-patient-cfl","THO (V3),hl7.fhir.fr.core"
https://hl7.fr/ig/fhir/core/ValueSet/fr-core-vs-mode-validation-identity-ins,2.2.0,active,,FRCoreValueSetModeValidationIdentityINS,FR Core ValueSet Mode validation identity INS,"The validation mode of the identity authorized for INS","StructureDefinition/fr-core-patient-cfl","hl7.fhir.fr.core"
https://hl7.fr/ig/fhir/core/ValueSet/fr-core-vs-organization-type,2.2.0,active,,FRCoreValueSetOrganizationType,FR Core ValueSet Organization type,"Types de structures","StructureDefinition/cfl-Organization","hl7.fhir.fr.core"
https://hl7.fr/ig/fhir/core/ValueSet/fr-core-vs-patient-contact-relationship-category,2.2.0,active,,FRCoreValueSetPatientContactRelationshipCategory,FR Core ValueSet Patient Contact Relationship Category,"Catégorie de la relation du contact patient : rôle ou type de relation","StructureDefinition/fr-core-patient-cfl","hl7.fhir.fr.core"
https://hl7.fr/ig/fhir/core/ValueSet/fr-core-vs-patient-contact-role,2.2.0,active,,FRCoreValueSetPatientContactRole,FR Core ValueSet Patient contact role,"ValueSet patient contact role","StructureDefinition/fr-core-patient-cfl","ans.fr.terminologies,THO (V2)"
https://hl7.fr/ig/fhir/core/ValueSet/fr-core-vs-patient-gender,2.2.0,active,,FRCoreValueSetPatientGender,FR Core ValueSet Patient gender,"Genres autorisés dans le cadre du genre administratif du Patient en France. Pour partager des genres suplémentaires (ex. biologique), cf gender harmony implementation guide.  Permitted genders for French Patient gender.","StructureDefinition/fr-core-patient-cfl","hl7.fhir.r4.core"
https://hl7.fr/ig/fhir/core/ValueSet/fr-core-vs-patient-identifier-type,2.2.0,active,,FRCoreValueSetPatientIdentifierType,FR Core ValueSet Patient identifier type,"A coded type for an identifier that can be used to determine which identifier to use for a specific purpose (identification of a patient).","StructureDefinition/fr-core-patient-cfl","THO (V2),hl7.fhir.fr.core"
https://hl7.fr/ig/fhir/core/ValueSet/fr-core-vs-patient-identifier-use-ins,2.2.0,active,,FRCoreValueSetPatientIdentifierUseINS,FR Core ValueSet Patient identifier use INS,"Use autorisés pour l'identifiant national de santé.  Authorized use for INS identifier.","StructureDefinition/fr-core-patient-cfl","hl7.fhir.r4.core"
https://hl7.fr/ig/fhir/core/ValueSet/fr-core-vs-patient-identifier-use-pi,2.2.0,active,,FRCoreValueSetPatientIdentifierUsePI,FR Core ValueSet Patient identifier use PI,"Use autorisés pour les identifiants patients attribués par les hôpitaux (IPP).  Authorized use for PI identifier.","StructureDefinition/fr-core-patient-cfl",
https://hl7.fr/ig/fhir/core/ValueSet/fr-core-vs-practitioner-role-exercice,2.2.0,active,,FRCoreValueSetPractitionerRoleExercice,FR Core ValueSet PractitionerRole Exercice,"The exercice(s) of the practitioner.","StructureDefinition/cfl-practitionerrole","ans.fr.terminologies"
https://hl7.fr/ig/fhir/core/ValueSet/fr-core-vs-practitioner-specialty,2.2.0,active,,FRCoreValueSetPractitionerSpecialty,FR Core ValueSet Practitioner specialty,"The modalities of exercice of the practitioner, registered by an official organization for a period of time.","StructureDefinition/cfl-practitionerrole","ans.fr.terminologies"
https://hl7.fr/ig/fhir/core/ValueSet/fr-core-vs-relation-type,2.2.0,active,,FRCoreValueSetPatientRelationType,FR Core ValueSet relation type,"ValueSet relation type","StructureDefinition/fr-core-patient-cfl","ans.fr.terminologies"
https://interop.esante.gouv.fr/ig/fhir/annuaire/ValueSet/as-vs-organization-types,1.1.0,active,,AsVsOrganizationTypes,AS ValueSet OrganizationTypes,"ValueSet définissant les types d'organisation","StructureDefinition/cfl-Organization","ans.fhir.fr.annuaire"
https://interop.esante.gouv.fr/ig/fhir/annuaire/ValueSet/as-vs-type-etablissement,1.1.0,active,,AsVsTypeEtablissement,AS ValueSet type Etablissement,"ValueSet définissant les types d'établissement.","StructureDefinition/cfl-Organization","ans.fhir.fr.annuaire"
https://interop.esante.gouv.fr/ig/fhir/ror/ValueSet/act-type-ror-valueset,0.7.0,draft,,ActTypeRORValueSet,Valueset type d'acte,"Valueset type d'acte","StructureDefinition/CFL-HealthcareService-profile","ans.fhir.fr.ror"
https://interop.esante.gouv.fr/ig/fhir/ror/ValueSet/code-region-territorial-division-ror-valueset,0.7.0,draft,,CodeRegionTerritorialDivisionRORValueSet,Fusion des valuesets pour le code de la division territoriale,"ValueSet regroupant des valuesets du NOS pour le code de la division territoriale","StructureDefinition/CFL-HealthcareService-profile",
https://interop.esante.gouv.fr/ig/fhir/teleexpertise-confluence/ValueSet/NameUseUsualOrOfficial,0.1.0,active,,NameUseUsualOrOfficial,NameUse Usual Or Official,"","StructureDefinition/fr-core-patient-cfl,StructureDefinition/cfl-practitioner","hl7.fhir.r4.core"
https://interop.esante.gouv.fr/ig/fhir/teleexpertise-confluence/ValueSet/activestatus,0.1.0,draft,,ActiveStatus,,"","StructureDefinition/split-active-status","Internal"
https://mos.esante.gouv.fr/NOS/JDV_J100-FinessStatutJuridique-RASS/FHIR/JDV-J100-FinessStatutJuridique-RASS,20200424120000,active,"1.2.250.1.213.1.6.1.168",JDV_J100_FinessStatutJuridique_RASS,,"Statut juridique FINESS dans le RASS","StructureDefinition/cfl-Organization","ans.fr.terminologies"
https://mos.esante.gouv.fr/NOS/JDV_J101-SecteurActivite-RASS/FHIR/JDV-J101-SecteurActivite-RASS,20260223120000,active,"1.2.250.1.213.1.6.1.169",JDV_J101_SecteurActivite_RASS,,"Secteurs d'activité des établissements avec la même activité dans le RASS","StructureDefinition/cfl-Organization","ans.fr.terminologies"
https://mos.esante.gouv.fr/NOS/JDV_J103-TypeVoie-RASS/FHIR/JDV-J103-TypeVoie-RASS,20200424120000,active,"1.2.250.1.213.1.6.1.171",JDV_J103_TypeVoie_RASS,,"Type de voie du professionnel du RASS","StructureDefinition/AsAddressExtendedProfile","ans.fr.terminologies"
https://mos.esante.gouv.fr/NOS/JDV_J105-EnsembleDiplome-RASS/FHIR/JDV-J105-EnsembleDiplome-RASS,20260223120000,active,"1.2.250.1.213.1.6.1.173",JDV_J105_EnsembleDiplome_RASS,,"Ensemble des diplômes et qualifications du RASS","StructureDefinition/cfl-practitioner","ans.fr.terminologies"
https://mos.esante.gouv.fr/NOS/JDV_J106-EnsembleProfession-RASS/FHIR/JDV-J106-EnsembleProfession-RASS,20250328120000,active,"1.2.250.1.213.1.6.1.174",JDV_J106_EnsembleProfession_RASS,,"Ensemble des professions du RASS","StructureDefinition/cfl-practitioner","ans.fr.terminologies"
https://mos.esante.gouv.fr/NOS/JDV_J108-EnsembleFonction-RASS/FHIR/JDV-J108-EnsembleFonction-RASS,20260202120000,active,"1.2.250.1.213.1.6.1.176",JDV_J108_EnsembleFonction_RASS,,"Ensemble des fonctions et rôles du RASS","StructureDefinition/cfl-practitionerrole","ans.fr.terminologies"
https://mos.esante.gouv.fr/NOS/JDV_J128-TypeCarte-RASS/FHIR/JDV-J128-TypeCarte-RASS,20201127120000,active,"1.2.250.1.213.1.6.1.214",JDV_J128_TypeCarte_RASS,,"Type de carte dans le RASS","StructureDefinition/cfl-practitioner","ans.fr.terminologies"
https://mos.esante.gouv.fr/NOS/JDV_J129-CategorieEtablissement-RASS/FHIR/JDV-J129-CategorieEtablissement-RASS,20260223120000,retired,"1.2.250.1.213.1.6.1.215",JDV_J129_CategorieEtablissement_RASS,,"Catégorie d'établissement du RASS","StructureDefinition/cfl-Organization","ans.fr.terminologies"
https://mos.esante.gouv.fr/NOS/JDV_J16-ActeSpecifique-ROR/FHIR/JDV-J16-ActeSpecifique-ROR,20251222120000,active,"1.2.250.1.213.3.4.4",JDV_J16_ActeSpecifique_ROR,,"Acte spécifique - ROR","StructureDefinition/CFL-HealthcareService-profile","ans.fr.terminologies"
https://mos.esante.gouv.fr/NOS/JDV_J162-ESPIC-RASS/FHIR/JDV-J162-ESPIC-RASS,20210528120000,active,"1.2.250.1.213.1.6.1.226",JDV_J162_ESPIC_RASS,,"Etablissement de santé privée d'intérêt collectif dans le RASS","StructureDefinition/cfl-Organization","ans.fr.terminologies"
https://mos.esante.gouv.fr/NOS/JDV_J185-TypeFermeture-ROR/FHIR/JDV-J185-TypeFermeture-ROR,20250923120000,active,"1.2.250.1.213.3.4.18",JDV_J185_TypeFermeture_ROR,,"Les seules valeurs acceptées par le ROR pour les Organisations internes et les offres","StructureDefinition/CFL-HealthcareService-profile","ans.fr.terminologies"
https://mos.esante.gouv.fr/NOS/JDV_J186-ProfessionRessource-ROR/FHIR/JDV-J186-ProfessionRessource-ROR,20250710120000,active,"1.2.250.1.213.3.4.19",JDV_J186_ProfessionRessource_ROR,,"Profession Ressource des offres dans le ROR","StructureDefinition/CFL-HealthcareService-profile","ans.fr.terminologies"
https://mos.esante.gouv.fr/NOS/JDV_J20-ChampActivite-ROR/FHIR/JDV-J20-ChampActivite-ROR,20231030120000,active,"1.2.250.1.213.3.4.7",JDV_J20_ChampActivite_ROR,,"Champ d'activité - ROR","StructureDefinition/CFL-HealthcareService-profile","ans.fr.terminologies"
https://mos.esante.gouv.fr/NOS/JDV_J221-NatureContact-ROR/FHIR/JDV-J221-NatureContact-ROR,20241213120000,active,"1.2.250.1.213.3.4.53",JDV_J221_NatureContact_ROR,,"Un service ou un guichet assurant le contact au sein de l'organisation","StructureDefinition/CFL-HealthcareService-profile","ans.fr.terminologies"
https://mos.esante.gouv.fr/NOS/JDV_J223-TypeDivisionTerritoriale-ROR/FHIR/JDV-J223-TypeDivisionTerritoriale-ROR,20220826120000,active,"1.2.250.1.213.3.4.55",JDV_J223_TypeDivisionTerritoriale_ROR,,"Type de division territoriale","StructureDefinition/CFL-HealthcareService-profile","ans.fr.terminologies"
https://mos.esante.gouv.fr/NOS/JDV_J226-ModaliteAccueil-ROR/FHIR/JDV-J226-ModaliteAccueil-ROR,20251222120000,active,"1.2.250.1.213.3.4.58",JDV_J226_ModaliteAccueil_ROR,,"Modalité d'accueil","StructureDefinition/CFL-HealthcareService-profile","ans.fr.terminologies"
https://mos.esante.gouv.fr/NOS/JDV_J227-NiveauExpertise-ROR/FHIR/JDV-J227-NiveauExpertise-ROR,20251222120000,active,"1.2.250.1.213.3.4.59",JDV_J227_NiveauExpertise_ROR,,"Niveau de ressources humaines et matérielles utiles pour la réalisation de l'offre","StructureDefinition/CFL-HealthcareService-profile","ans.fr.terminologies"
https://mos.esante.gouv.fr/NOS/JDV_J237-RegionOM-ROR/FHIR/JDV-J237-RegionOM-ROR,20240126120000,retired,"1.2.250.1.213.3.4.64",JDV_J237_RegionOM_ROR,,"Région Outre-Mer et Monaco","StructureDefinition/CFL-HealthcareService-profile","ans.fr.terminologies"
https://mos.esante.gouv.fr/NOS/JDV_J238-TypeOffre-ROR/FHIR/JDV-J238-TypeOffre-ROR,20260223120000,active,"1.2.250.1.213.3.4.65",JDV_J238_TypeOffre_ROR,,"Prestations que peut réaliser une structure et qui permettent de répondre au besoin de santé d'une personne","StructureDefinition/CFL-HealthcareService-profile","ans.fr.terminologies"
https://mos.esante.gouv.fr/NOS/JDV_J245-Civilite-CISIS/FHIR/JDV-J245-Civilite-CISIS,20230331120000,active,"1.2.250.1.213.1.1.5.718",JDV_J245_Civilite_CISIS,,"Civilités CI-SIS","StructureDefinition/fr-core-patient-cfl","ans.fr.terminologies"
https://mos.esante.gouv.fr/NOS/JDV_J256-Pays/FHIR/JDV-J256-Pays,20250328120000,active,"1.2.250.1.213.1.1.5.762",JDV_J256_Pays,,"Tous les codes actifs de la nomenclature du COG INSEE pays auquel on ajoute le code applicatif ""non renseigné""","StructureDefinition/AsAddressExtendedProfile","ans.fr.terminologies"
https://mos.esante.gouv.fr/NOS/JDV_J258-Departement/FHIR/JDV-J258-Departement,20240628120000,active,"1.2.250.1.213.1.1.5.764",JDV_J258_Departement,,"Tous les codes actifs des départements et collectivités d'outre-mer actives + Monaco du COG INSEE","StructureDefinition/AsAddressExtendedProfile","ans.fr.terminologies"
https://mos.esante.gouv.fr/NOS/JDV_J26-ModeGestion-ROR/FHIR/JDV-J26-ModeGestion-ROR,20200424120000,active,"1.2.250.1.213.3.3.24",JDV_J26_ModeGestion_ROR,,"Mode gestion - ROR","StructureDefinition/CFL-HealthcareService-profile","ans.fr.terminologies"
https://mos.esante.gouv.fr/NOS/JDV_J28-OuvertureAnnuelle-ROR/FHIR/JDV-J28-OuvertureAnnuelle-ROR,20200424120000,active,"1.2.250.1.213.3.3.28",JDV_J28_OuvertureAnnuelle_ROR,,"Ouverture annuelle - ROR","StructureDefinition/CFL-HealthcareService-profile","ans.fr.terminologies"
https://mos.esante.gouv.fr/NOS/JDV_J30-TemporaliteAccueil-ROR/FHIR/JDV-J30-TemporaliteAccueil-ROR,20200424120000,active,"1.2.250.1.213.3.3.32",JDV_J30_TemporaliteAccueil_ROR,,"Temporalité accueil - ROR","StructureDefinition/CFL-HealthcareService-profile","ans.fr.terminologies"
https://mos.esante.gouv.fr/NOS/JDV_J33-CompetenceSpecifique-ROR/FHIR/JDV-J33-CompetenceSpecifique-ROR,20240426120000,active,"1.2.250.1.213.3.3.38",JDV_J33_CompetenceSpecifique_ROR,,"Compétence spécifique - ROR","StructureDefinition/CFL-HealthcareService-profile","ans.fr.terminologies"
https://mos.esante.gouv.fr/NOS/JDV_J35-SpecialisationDePriseEnCharge-ROR/FHIR/JDV-J35-SpecialisationDePriseEnCharge-ROR,20250425120000,active,"1.2.250.1.213.3.3.42",JDV_J35_SpecialisationDePriseEnCharge_ROR,,"Spécialisation de prise en charge - ROR","StructureDefinition/CFL-HealthcareService-profile","ans.fr.terminologies"
https://mos.esante.gouv.fr/NOS/JDV_J51-FamilleActiviteOperationnelle-ROR/FHIR/JDV-J51-FamilleActiviteOperationnelle-ROR,20230127120000,active,"1.2.250.1.213.3.3.62",JDV_J51_FamilleActiviteOperationnelle_ROR,,"Famille Activité Opérationnelle","StructureDefinition/CFL-HealthcareService-profile","ans.fr.terminologies,ans.fr.nos"
https://mos.esante.gouv.fr/NOS/JDV_J73-MetierPharmacien-RASS/FHIR/JDV-J73-MetierPharmacien-RASS,20210528120000,active,"1.2.250.1.213.1.6.1.141",JDV_J73_MetierPharmacien_RASS,,"Ensemble des sections et sous-sections du tableau du CNOP dans le RASS","StructureDefinition/cfl-practitionerrole","ans.fr.terminologies"
https://mos.esante.gouv.fr/NOS/JDV_J75-TypeAutorisation-RASS/FHIR/JDV-J75-TypeAutorisation-RASS,20250523120000,active,"1.2.250.1.213.1.6.1.143",JDV_J75_TypeAutorisation_RASS,,"Type d'autorisation d'exercice pour accès à l'exercice de la profession du RASS","StructureDefinition/cfl-practitioner","ans.fr.terminologies"
https://mos.esante.gouv.fr/NOS/JDV_J76-DisciplineAutorisation-RASS/FHIR/JDV-J76-DisciplineAutorisation-RASS,20200424120000,active,"1.2.250.1.213.1.6.1.144",JDV_J76_DisciplineAutorisation_RASS,,"Discipline à laquelle l'autorisation d'exercice est restreinte dans le RASS","StructureDefinition/cfl-practitioner","ans.fr.terminologies"
https://mos.esante.gouv.fr/NOS/JDV_J78-Civilite-RASS/FHIR/JDV-J78-Civilite-RASS,20221216120000,active,"1.2.250.1.213.1.6.1.146",JDV_J78_Civilite_RASS,,"Civilités des personnes physiques du RASS","StructureDefinition/cfl-practitioner","ans.fr.terminologies"
https://mos.esante.gouv.fr/NOS/JDV_J79-CiviliteExercice-RASS/FHIR/JDV-J79-CiviliteExercice-RASS,20200424120000,active,"1.2.250.1.213.1.6.1.147",JDV_J79_CiviliteExercice_RASS,,"Civilités d'exercice d'un professionnel du RASS","StructureDefinition/cfl-practitioner","ans.fr.terminologies"
https://mos.esante.gouv.fr/NOS/JDV_J81-TypeDiplome-RASS/FHIR/JDV-J81-TypeDiplome-RASS,20230526120000,active,"1.2.250.1.213.1.6.1.149",JDV_J81_TypeDiplome_RASS,,"Types de diplôme du RASS","StructureDefinition/cfl-practitioner","ans.fr.terminologies"
https://mos.esante.gouv.fr/NOS/JDV_J82-Langue-RASS/FHIR/JDV-J82-Langue-RASS,20240927120000,active,"1.2.250.1.213.1.6.1.150",JDV_J82_Langue_RASS,,"Langues (codes ISO-639) des professionnels du RASS","StructureDefinition/cfl-practitioner","ans.fr.terminologies"
https://mos.esante.gouv.fr/NOS/JDV_J83-AutoriteEnregistrement-RASS/FHIR/JDV-J83-AutoriteEnregistrement-RASS,20240628120000,active,"1.2.250.1.213.1.6.1.151",JDV_J83_AutoriteEnregistrement_RASS,,"Autorités d'enregistrement des acteurs de santé du RASS","StructureDefinition/cfl-practitioner","ans.fr.terminologies"
https://mos.esante.gouv.fr/NOS/JDV_J84-DepartementOM-RASS/FHIR/JDV-J84-DepartementOM-RASS,20240126120000,retired,"1.2.250.1.213.1.6.1.152",JDV_J84_DepartementOM_RASS,,"Départements (outre-mer et Monaco inclus) pour le RASS","StructureDefinition/cfl-practitioner","ans.fr.terminologies"
https://mos.esante.gouv.fr/NOS/JDV_J85-StatutInscription-RASS/FHIR/JDV-J85-StatutInscription-RASS,20200424120000,active,"1.2.250.1.213.1.6.1.153",JDV_J85_StatutInscription_RASS,,"Statut avancement dossier de référencement personne du RASS auprès d'un ordre","StructureDefinition/cfl-practitioner","ans.fr.terminologies"
https://mos.esante.gouv.fr/NOS/JDV_J86-NatCycleForm-RASS/FHIR/JDV-J86-NatCycleForm-RASS,20200424120000,active,"1.2.250.1.213.1.6.1.154",JDV_J86_NatCycleForm_RASS,,"Natures du cycle de formation des professionnels du RASS","StructureDefinition/cfl-practitioner","ans.fr.terminologies"
https://mos.esante.gouv.fr/NOS/JDV_J87-NiveauFormAcquis-RASS/FHIR/JDV-J87-NiveauFormAcquis-RASS,20200424120000,active,"1.2.250.1.213.1.6.1.155",JDV_J87_NiveauFormAcquis_RASS,,"Niveau de formation acquis dans le cycle de formation des professionnels du RASS","StructureDefinition/cfl-practitioner","ans.fr.terminologies"
https://mos.esante.gouv.fr/NOS/JDV_J88-AnneeUniversitaire-RASS/FHIR/JDV-J88-AnneeUniversitaire-RASS,20251016120000,active,"1.2.250.1.213.1.6.1.156",JDV_J88_AnneeUniversitaire_RASS,,"Années universitaires des professionnels du RASS","StructureDefinition/cfl-practitioner","ans.fr.terminologies"
https://mos.esante.gouv.fr/NOS/JDV_J89-CategorieProfessionnelle-RASS/FHIR/JDV-J89-CategorieProfessionnelle-RASS,20260223120000,active,"1.2.250.1.213.1.6.1.157",JDV_J89_CategorieProfessionnelle_RASS,,"Catégories professionnelles dans le RASS","StructureDefinition/cfl-practitioner","ans.fr.terminologies"
https://mos.esante.gouv.fr/NOS/JDV_J91-TypeSavoirFaire-RASS/FHIR/JDV-J91-TypeSavoirFaire-RASS,20251016120000,active,"1.2.250.1.213.1.6.1.159",JDV_J91_TypeSavoirFaire_RASS,,"Types de savoir-faire des professionnels du RASS","StructureDefinition/cfl-practitioner","ans.fr.terminologies"
https://mos.esante.gouv.fr/NOS/JDV_J94-GenreActivite-RASS/FHIR/JDV-J94-GenreActivite-RASS,20240329120000,active,"1.2.250.1.213.1.6.1.162",JDV_J94_GenreActivite_RASS,,"Activités des professionnels RASS nécessitant des règles de gestion spécifiques","StructureDefinition/cfl-practitionerrole","ans.fr.terminologies"
https://mos.esante.gouv.fr/NOS/JDV_J96-TypeActiviteLiberale-RASS/FHIR/JDV-J96-TypeActiviteLiberale-RASS,20200424120000,active,"1.2.250.1.213.1.6.1.164",JDV_J96_TypeActiviteLiberale_RASS,,"Types d'activité libérale des professionnels du RASS","StructureDefinition/cfl-practitionerrole","ans.fr.terminologies"
https://mos.esante.gouv.fr/NOS/JDV_J97-StatutProfessionnelSSA-RASS/FHIR/JDV-J97-StatutProfessionnelSSA-RASS,20200424120000,active,"1.2.250.1.213.1.6.1.165",JDV_J97_StatutProfessionnelSSA_RASS,,"Statuts des professionnels du Service de Santé des Armées dans le RASS","StructureDefinition/cfl-practitionerrole","ans.fr.terminologies"
https://mos.esante.gouv.fr/NOS/JDV_J98-StatutHospitalier-RASS/FHIR/JDV-J98-StatutHospitalier-RASS,20260223120000,active,"1.2.250.1.213.1.6.1.166",JDV_J98_StatutHospitalier_RASS,,"Statut des professionnels intervenant dans un hôpital dans le RASS","StructureDefinition/cfl-practitionerrole","ans.fr.terminologies"
https://mos.esante.gouv.fr/NOS/JDV_J99-InseeNAFrav2Niveau5-RASS/FHIR/JDV-J99-InseeNAFrav2Niveau5-RASS,20260223120000,retired,"1.2.250.1.213.1.6.1.167",JDV_J99_InseeNAFrav2Niveau5_RASS,,"Sous-classes de la Nomenclature Activités Française (INSEE) des prof du RASS","StructureDefinition/cfl-Organization","ans.fr.terminologies"
